key,section,collection_file,compiled_initializer,setting_object_va,value_va,evidence_level,native_consumer_va
bDrawLandShadows,Display,SkyrimPrefs.ini,0,0x14207b838,0x14207b840,setting_object_and_rtti_owner,
bLandSpecular,Landscape,Skyrim.ini,1,0x14207b968,0x14207b970,setting_object_and_rtti_owner,
bTreesReceiveShadows,Display,SkyrimPrefs.ini,1,0x1420b0a78,0x1420b0a80,setting_object_and_rtti_owner,
bActorSelfShadowing,Display,Skyrim.ini,0,0x1420b6848,0x1420b6850,setting_object_and_rtti_owner,
rUIMistMenu_AmbientXNegRGB,Interface,Skyrim.ini,not_decoded,0x1420bb680,0x1420bb688,setting_object_and_rtti_owner,
rUIMistMenu_AmbientXPosRGB,Interface,Skyrim.ini,not_decoded,0x1420bb698,0x1420bb6a0,setting_object_and_rtti_owner,
rUIMistMenu_AmbientYNegRGB,Interface,Skyrim.ini,not_decoded,0x1420bb6b0,0x1420bb6b8,setting_object_and_rtti_owner,
rUIMistMenu_AmbientYPosRGB,Interface,Skyrim.ini,not_decoded,0x1420bb6c8,0x1420bb6d0,setting_object_and_rtti_owner,
rUIMistMenu_AmbientZNegRGB,Interface,Skyrim.ini,not_decoded,0x1420bb6e0,0x1420bb6e8,setting_object_and_rtti_owner,
rUIMistMenu_AmbientZPosRGB,Interface,Skyrim.ini,not_decoded,0x1420bb6f8,0x1420bb700,setting_object_and_rtti_owner,
iLoadingMenuShadowLightFlags,Display ,Skyrim.ini,1,0x1420bbdc8,0x1420bbdd0,setting_object_and_rtti_owner,
fLoadingMenuShadowBias,Display ,Skyrim.ini,30.639999,0x1420bbde0,0x1420bbde8,setting_object_and_rtti_owner,
fLoadingMenuShadowFallOff,Display ,Skyrim.ini,0,0x1420bbdf8,0x1420bbe00,setting_object_and_rtti_owner,
fInventoryLightDimmerValue,Interface,Skyrim.ini,1.75,0x1420bbb70,0x1420bbb78,setting_object_and_rtti_owner,
fBookLightDimmerValue,Interface,Skyrim.ini,1.75,0x1420bbcf0,0x1420bbcf8,setting_object_and_rtti_owner,
fUIPlayerSceneLightDimmerValue,Interface,Skyrim.ini,1.6,0x1420bbee8,0x1420bbef0,setting_object_and_rtti_owner,
fUIRaceSexLightDimmerValue,Interface,Skyrim.ini,0.64999998,0x1420bc128,0x1420bc130,setting_object_and_rtti_owner,
fLockpickLightDimmerValue,Interface,Skyrim.ini,1.75,0x1420bc2a8,0x1420bc2b0,setting_object_and_rtti_owner,
sWorldMapOverlayNormalSnowTexture,MapMenu,Skyrim.ini,not_decoded,0x1420bc5a0,0x1420bc5a8,setting_object_and_rtti_owner,
fMapMenuOverlayNormalSnowStrength,MapMenu,Skyrim.ini,0.40000001,0x1420bc5d0,0x1420bc5d8,setting_object_and_rtti_owner,
fMapMenuOverlaySnowScale,MapMenu,Skyrim.ini,4.5000001e-05,0x1420bc600,0x1420bc608,setting_object_and_rtti_owner,
fGammaMin,Display,Skyrim.ini,0.60000002,0x1420bc7e8,0x1420bc7f0,setting_object_and_rtti_owner,
fGammaMax,Display,Skyrim.ini,1.4,0x1420bc800,0x1420bc808,setting_object_and_rtti_owner,
fGamma,Display,SkyrimPrefs.ini,1,0x1420d0340,0x1420d0348,setting_object_and_rtti_owner,
fMaxHeightShadowCastingTrees,Display,Skyrim.ini,5000,0x1420d67d8,0x1420d67e0,setting_object_and_rtti_owner,
bDisableHighTreeShadow,Display,Skyrim.ini,1,0x1420d67f0,0x1420d67f8,setting_object_and_rtti_owner,
bShadowsOnGrass,Display,Skyrim.ini,1,0x1420d6a70,0x1420d6a78,setting_object_and_rtti_owner,
fLightLODDefaultStartFade,Display,Skyrim.ini,1000,0x1420d6aa0,0x1420d6aa8,setting_object_and_rtti_owner,
fLightLODStartFade,Display,SkyrimPrefs.ini,0,0x1420d6ab8,0x1420d6ac0,setting_object_and_rtti_owner,
fLightLODRange,Display,Skyrim.ini,500,0x1420d6ad0,0x1420d6ad8,setting_object_and_rtti_owner,
bCharacterLighting,Display,Skyrim.ini,1,0x1420d6ae8,0x1420d6af0,setting_object_and_rtti_owner,
fCharacterLightPrimaryLightIntensity,Display,Skyrim.ini,0.75,0x1420d6b00,0x1420d6b08,setting_object_and_rtti_owner,
fCharacterLightSecondaryLightIntensity,Display,Skyrim.ini,0.30000001,0x1420d6b18,0x1420d6b20,setting_object_and_rtti_owner,
fCharacterLightLumScale,Display,Skyrim.ini,2,0x1420d6b30,0x1420d6b38,setting_object_and_rtti_owner,
fCharacterLightLumMax,Display,Skyrim.ini,0.75,0x1420d6b48,0x1420d6b50,setting_object_and_rtti_owner,
uShadowFilterType,Display,Skyrim.ini,3,0x1420d6b60,0x1420d6b68,native_read,0x1414eaebb;0x14158ea6f
fSpecularLODFadeStart,LightingShader,Skyrim.ini,0.090000004,0x1420d6bd8,0x1420d6be0,setting_object_and_rtti_owner,
fSpecularLODFadeEnd,LightingShader,Skyrim.ini,0.1,0x1420d6bf0,0x1420d6bf8,setting_object_and_rtti_owner,
bEnableImprovedSnow,Display,SkyrimPrefs.ini,1,0x1420d6ce0,0x1420d6ce8,setting_object_and_rtti_owner,
iEnableShadowCastingFlag,Display,Skyrim.ini,2,0x1420d6cf8,0x1420d6d00,setting_object_and_rtti_owner,
fShadowClampValue,Display,Skyrim.ini,0.30000001,0x1420d6d40,0x1420d6d48,native_read,0x141522d44
iVolumetricLightingTextureWidthLow,Display,Skyrim.ini,160,0x1420d6f58,0x1420d6f60,setting_object_and_rtti_owner,
iVolumetricLightingTextureHeightLow,Display,Skyrim.ini,96,0x1420d6f70,0x1420d6f78,setting_object_and_rtti_owner,
iVolumetricLightingTextureDepthLow,Display,Skyrim.ini,50,0x1420d6f88,0x1420d6f90,setting_object_and_rtti_owner,
iVolumetricLightingTextureFormatLow,Display,Skyrim.ini,0,0x1420d6fa0,0x1420d6fa8,setting_object_and_rtti_owner,
iVolumetricLightingTextureWidthMedium,Display,Skyrim.ini,224,0x1420d6fb8,0x1420d6fc0,setting_object_and_rtti_owner,
iVolumetricLightingTextureHeightMedium,Display,Skyrim.ini,128,0x1420d6fd0,0x1420d6fd8,setting_object_and_rtti_owner,
iVolumetricLightingTextureDepthMedium,Display,Skyrim.ini,70,0x1420d6fe8,0x1420d6ff0,setting_object_and_rtti_owner,
iVolumetricLightingTextureFormatMedium,Display,Skyrim.ini,1,0x1420d7000,0x1420d7008,setting_object_and_rtti_owner,
iVolumetricLightingTextureWidthHigh,Display,Skyrim.ini,320,0x1420d7018,0x1420d7020,setting_object_and_rtti_owner,
iVolumetricLightingTextureHeightHigh,Display,Skyrim.ini,192,0x1420d7030,0x1420d7038,setting_object_and_rtti_owner,
iVolumetricLightingTextureDepthHigh,Display,Skyrim.ini,90,0x1420d7048,0x1420d7050,setting_object_and_rtti_owner,
iVolumetricLightingTextureFormatHigh,Display,Skyrim.ini,1,0x1420d7060,0x1420d7068,setting_object_and_rtti_owner,
iVolumetricLightingNoiseTextureWidth,Display,Skyrim.ini,32,0x1420d7078,0x1420d7080,setting_object_and_rtti_owner,
iVolumetricLightingNoiseTextureHeight,Display,Skyrim.ini,32,0x1420d7090,0x1420d7098,setting_object_and_rtti_owner,
iVolumetricLightingNoiseTextureDepth,Display,Skyrim.ini,32,0x1420d70a8,0x1420d70b0,setting_object_and_rtti_owner,
iVolumetricLightingQuality,Display,SkyrimPrefs.ini,1,0x1420d70c0,0x1420d70c8,setting_object_and_rtti_owner,
fVolumetricLightingIntensity,Display,Skyrim.ini,2,0x1420d70d8,0x1420d70e0,setting_object_and_rtti_owner,
bVolumetricLightingEnable,Display,SkyrimPrefs.ini,1,0x1420d70f0,0x1420d70f8,setting_object_and_rtti_owner,
bVolumetricLightingUpdateWeather,Display,Skyrim.ini,1,0x1420d7108,0x1420d7110,setting_object_and_rtti_owner,
bVolumetricLightingDisableInterior,Display,Skyrim.ini,1,0x1420d7120,0x1420d7128,setting_object_and_rtti_owner,
fVolumetricLightingCustomColorContribution,Display,Skyrim.ini,0,0x1420d7138,0x1420d7140,setting_object_and_rtti_owner,
fVolumetricLightingDensityContribution,Display,Skyrim.ini,0.30000001,0x1420d7150,0x1420d7158,setting_object_and_rtti_owner,
fVolumetricLightingDensityScale,Display,Skyrim.ini,300,0x1420d7168,0x1420d7170,setting_object_and_rtti_owner,
fVolumetricLightingWindSpeedScale,Display,Skyrim.ini,15,0x1420d7180,0x1420d7188,setting_object_and_rtti_owner,
fVolumetricLightingWindFallingSpeed,Display,Skyrim.ini,0.30000001,0x1420d7198,0x1420d71a0,setting_object_and_rtti_owner,
fVolumetricLightingPhaseContribution,Display,Skyrim.ini,0.82999998,0x1420d71b0,0x1420d71b8,setting_object_and_rtti_owner,
fVolumetricLightingPhaseScattering,Display,Skyrim.ini,0.85000002,0x1420d71c8,0x1420d71d0,setting_object_and_rtti_owner,
fVolumetricLightingRangeFactor,Display,Skyrim.ini,40,0x1420d71e0,0x1420d71e8,setting_object_and_rtti_owner,
bVolumetricLightingEnableTemporalAccumulation,Display,Skyrim.ini,1,0x1420d71f8,0x1420d7200,setting_object_and_rtti_owner,
fVolumetricLightingTemporalAccumulationFactor,Display,Skyrim.ini,0.75,0x1420d7210,0x1420d7218,setting_object_and_rtti_owner,
iShadowMaskQuarter,Display,SkyrimPrefs.ini,4,0x1420d7300,0x1420d7308,native_read,0x14153b6be
bCreateShadowRenderTarget,Display,Skyrim.ini,0,0x1420d73a8,0x1420d73b0,setting_object_and_rtti_owner,
fGlobalBrightnessBoost,Display,Skyrim.ini,0,0x1420d7628,0x1420d7630,setting_object_and_rtti_owner,
fGlobalContrastBoost,Display,Skyrim.ini,0,0x1420d7cd0,0x1420d7cd8,setting_object_and_rtti_owner,
fGlobalMapContrastBoost,Display,Skyrim.ini,-0.30000001,0x1420d7d30,0x1420d7d38,setting_object_and_rtti_owner,
fGlobalMapBrightnessBoost,Display,Skyrim.ini,0.25,0x1420d7d48,0x1420d7d50,setting_object_and_rtti_owner,
bIBLFEnable,Display,SkyrimPrefs.ini,1,0x1420d7e48,0x1420d7e50,setting_object_and_rtti_owner,
uIBLFLensesCount,Display,Skyrim.ini,3,0x1420d84f0,0x1420d84f8,setting_object_and_rtti_owner,
fIBLFFlaresDispersal,Display,Skyrim.ini,0.30000001,0x1420d8508,0x1420d8510,setting_object_and_rtti_owner,
fIBLFLightsRangeDownshift,Display,Skyrim.ini,1,0x1420d8520,0x1420d8528,setting_object_and_rtti_owner,
fIBLFLightsBurn,Display,Skyrim.ini,1,0x1420d8538,0x1420d8540,setting_object_and_rtti_owner,
fIBLFChannelsDistortionRed,Display,Skyrim.ini,2,0x1420d8550,0x1420d8558,setting_object_and_rtti_owner,
fIBLFChannelsDistortionGreen,Display,Skyrim.ini,0,0x1420d8568,0x1420d8570,setting_object_and_rtti_owner,
fIBLFChannelsDistortionBlue,Display,Skyrim.ini,-2,0x1420d8580,0x1420d8588,setting_object_and_rtti_owner,
fIBLFHaloFetch,Display,Skyrim.ini,0.5,0x1420d8598,0x1420d85a0,setting_object_and_rtti_owner,
fIBLFHaloWidthPow,Display,Skyrim.ini,3,0x1420d85b0,0x1420d85b8,setting_object_and_rtti_owner,
uIBLFBlurRadiusX,Display,Skyrim.ini,7,0x1420d85c8,0x1420d85d0,setting_object_and_rtti_owner,
uIBLFBlurRadiusY,Display,Skyrim.ini,2,0x1420d85e0,0x1420d85e8,setting_object_and_rtti_owner,
uIBLFBloomRadius,Display,Skyrim.ini,2,0x1420d85f8,0x1420d8600,setting_object_and_rtti_owner,
fIBLFBloomIntensity,Display,Skyrim.ini,0,0x1420d8610,0x1420d8618,setting_object_and_rtti_owner,
uIBLFLateralRepeat,Display,Skyrim.ini,0,0x1420d8628,0x1420d8630,setting_object_and_rtti_owner,
fIBLFAnamorphicsIntensity,Display,Skyrim.ini,0.1,0x1420d8640,0x1420d8648,setting_object_and_rtti_owner,
fIBLFAnamorphicsIntensityFar,Display,Skyrim.ini,1,0x1420d8658,0x1420d8660,setting_object_and_rtti_owner,
fIBLFGlobalIntensity,Display,Skyrim.ini,0.69999999,0x1420d8670,0x1420d8678,setting_object_and_rtti_owner,
fSpecMaskBegin,Display,Skyrim.ini,0.1,0x1420d86d8,0x1420d86e0,setting_object_and_rtti_owner,
fSpecMaskSpan,Display,Skyrim.ini,0,0x1420d86f0,0x1420d86f8,setting_object_and_rtti_owner,
bSAOEnable,Display,SkyrimPrefs.ini,1,0x1420d87a0,0x1420d87a8,native_read,0x141541ea3
fSAOIntensity,Display,Skyrim.ini,15,0x1420d87b8,0x1420d87c0,native_read,0x141541e88;0x1415424fc
fSAORadius,Display,Skyrim.ini,250,0x1420d87d0,0x1420d87d8,native_read,0x141541e80;0x1415424ce
fSAOBias,Display,Skyrim.ini,2.5,0x1420d87e8,0x1420d87f0,native_read,0x141541eb2;0x1415424e3
fSAOExpFactor,Display,Skyrim.ini,0.11,0x1420d8800,0x1420d8808,native_read,0x141541ed2
fSAOValueDiffFactor,Display,Skyrim.ini,0.30000001,0x1420d8818,0x1420d8820,native_read,0x141541ec2
bSAODownscaled,Display,Skyrim.ini,0,0x1420d8830,0x1420d8838,native_read,0x141541e79;0x14154240b
bSAONormalMap,Display,Skyrim.ini,1,0x1420d8848,0x1420d8850,native_read,0x141541e96
bSAOApplyFog,Display,Skyrim.ini,1,0x1420d8860,0x1420d8868,setting_object_and_rtti_owner,
bToggleSparkles,Display,SkyrimPrefs.ini,1,0x1420d8878,0x1420d8880,setting_object_and_rtti_owner,
bSparklesOnly,Display,Skyrim.ini,0,0x1420d8890,0x1420d8898,setting_object_and_rtti_owner,
fSparklesIntensity,Display,Skyrim.ini,1,0x1420d88a8,0x1420d88b0,setting_object_and_rtti_owner,
fSparklesDensity,Display,Skyrim.ini,0.85000002,0x1420d88c0,0x1420d88c8,setting_object_and_rtti_owner,
fSparklesSpecularPower,Display,Skyrim.ini,2,0x1420d88d8,0x1420d88e0,setting_object_and_rtti_owner,
fSparklesSize,Display,Skyrim.ini,6,0x1420d88f0,0x1420d88f8,setting_object_and_rtti_owner,
fNonSpecularSparklesIntensity,Display,Skyrim.ini,0.40000001,0x1420d8908,0x1420d8910,setting_object_and_rtti_owner,
fSpecularSparklesIntensity,Display,Skyrim.ini,1,0x1420d8920,0x1420d8928,setting_object_and_rtti_owner,
bDeactivateAOOnSnow,Display,Skyrim.ini,1,0x1420d8938,0x1420d8940,setting_object_and_rtti_owner,
fSparklesMaxDistance,Display,Skyrim.ini,1000,0x1420d8950,0x1420d8958,setting_object_and_rtti_owner,
fShadowSparkleIntensity,Display,Skyrim.ini,0.25,0x1420d8980,0x1420d8988,setting_object_and_rtti_owner,
iSnowSparklesColor,Display,Skyrim.ini,2,0x1420d8998,0x1420d89a0,setting_object_and_rtti_owner,
fSnowSparklesColorR,Display,Skyrim.ini,1,0x1420d89b0,0x1420d89b8,setting_object_and_rtti_owner,
fSnowSparklesColorG,Display,Skyrim.ini,1,0x1420d89c8,0x1420d89d0,setting_object_and_rtti_owner,
fSnowSparklesColorB,Display,Skyrim.ini,1,0x1420d89e0,0x1420d89e8,setting_object_and_rtti_owner,
bSAO_CS_Enable,Display,SkyrimPrefs.ini,0,0x1420d8a58,0x1420d8a60,setting_object_and_rtti_owner,
fSAO_CS_Intensity,Display,Skyrim.ini,10,0x1420d8a70,0x1420d8a78,setting_object_and_rtti_owner,
fSAO_CS_Radius,Display,Skyrim.ini,250,0x1420d8a88,0x1420d8a90,setting_object_and_rtti_owner,
fSAO_CS_Bias,Display,Skyrim.ini,2.5,0x1420d8aa0,0x1420d8aa8,setting_object_and_rtti_owner,
bSAO_CS_Downscaled,Display,Skyrim.ini,0,0x1420d8ab8,0x1420d8ac0,setting_object_and_rtti_owner,
bIndEnable,Display,SkyrimPrefs.ini,0,0x1420d8ad0,0x1420d8ad8,setting_object_and_rtti_owner,
fIndIntensity,Display,Skyrim.ini,50,0x1420d8ae8,0x1420d8af0,setting_object_and_rtti_owner,
fIndRadius,Display,Skyrim.ini,100,0x1420d8b00,0x1420d8b08,setting_object_and_rtti_owner,
fIndBias,Display,Skyrim.ini,2.5,0x1420d8b18,0x1420d8b20,setting_object_and_rtti_owner,
bIndDownscaled,Display,Skyrim.ini,0,0x1420d8b30,0x1420d8b38,setting_object_and_rtti_owner,
bIndNormalMap,Display,Skyrim.ini,1,0x1420d8b48,0x1420d8b50,setting_object_and_rtti_owner,
fSnowSSSColorR,Display,Skyrim.ini,0,0x1420d8b60,0x1420d8b68,setting_object_and_rtti_owner,
fSnowSSSColorG,Display,Skyrim.ini,0,0x1420d8b78,0x1420d8b80,setting_object_and_rtti_owner,
fSnowSSSColorB,Display,Skyrim.ini,0.079999998,0x1420d8b90,0x1420d8b98,setting_object_and_rtti_owner,
fSnowSSSStrength,Display,Skyrim.ini,50,0x1420d8ba8,0x1420d8bb0,setting_object_and_rtti_owner,
fSnowSSSDepthDiff,Display,Skyrim.ini,0.5,0x1420d8bc0,0x1420d8bc8,setting_object_and_rtti_owner,
iSnowSSSCurrentColor,Display,Skyrim.ini,2,0x1420d8bf0,0x1420d8bf8,setting_object_and_rtti_owner,
fLightingOutputColourClampPostLit,General,SkyrimPrefs.ini,1,0x1420d8cf8,0x1420d8d00,setting_object_and_rtti_owner,
fLightingOutputColourClampPostEnv,General,SkyrimPrefs.ini,1,0x1420d8d10,0x1420d8d18,setting_object_and_rtti_owner,
fLightingOutputColourClampPostSpec,General,SkyrimPrefs.ini,1,0x1420d8d28,0x1420d8d30,setting_object_and_rtti_owner,
bEnableParallaxOcclusion,Display,Skyrim.ini,0,0x1420d8d58,0x1420d8d60,setting_object_and_rtti_owner,
bEnableProjecteUVDiffuseNormals,Display,SkyrimPrefs.ini,1,0x1420d8d70,0x1420d8d78,setting_object_and_rtti_owner,
bEnableProjecteUVDiffuseNormalsOnCubemap,Display,Skyrim.ini,0,0x1420d8d88,0x1420d8d90,setting_object_and_rtti_owner,
bEnableSnowMask,Display,Skyrim.ini,1,0x1420d8da0,0x1420d8da8,setting_object_and_rtti_owner,
fProjectedUVDiffuseNormalTilingScale,Display,SkyrimPrefs.ini,0.5,0x1420d8db8,0x1420d8dc0,setting_object_and_rtti_owner,
fProjectedUVNormalDetailTilingScale,Display,SkyrimPrefs.ini,1.2,0x1420d8dd0,0x1420d8dd8,setting_object_and_rtti_owner,
fSnowRimLightIntensity,Display,Skyrim.ini,0.30000001,0x1420d8de8,0x1420d8df0,setting_object_and_rtti_owner,
fSnowGeometrySpecPower,Display,Skyrim.ini,3,0x1420d8e00,0x1420d8e08,setting_object_and_rtti_owner,
fSnowNormalSpecPower,Display,Skyrim.ini,2,0x1420d8e18,0x1420d8e20,setting_object_and_rtti_owner,
bEnableSnowRimLighting,Display,Skyrim.ini,1,0x1420d8e30,0x1420d8e38,setting_object_and_rtti_owner,
iShadowMapResolution,Display,SkyrimPrefs.ini,2048,0x1420d9000,0x1420d9008,setting_object_and_rtti_owner,
ffocusShadowMapDoubleEveryXUnit,Display,SkyrimPrefs.ini,450,0x1420d9018,0x1420d9020,setting_object_and_rtti_owner,
fInteriorShadowDistance,Display,SkyrimPrefs.ini,3000,0x1420d9030,0x1420d9038,setting_object_and_rtti_owner,
iNumSplits,Display,SkyrimPrefs.ini,2,0x1420d9048,0x1420d9050,setting_object_and_rtti_owner,
iNumFocusShadow,Display,SkyrimPrefs.ini,4,0x1420d9060,0x1420d9068,setting_object_and_rtti_owner,
fShadowBiasScale,Display,Skyrim.ini,1,0x1420d9078,0x1420d9080,native_read,0x14155c56a
fPoissonRadiusScale,Display,Skyrim.ini,4,0x1420d9148,0x1420d9150,setting_object_and_rtti_owner,
fExponentialShadowMapScale,Display,Skyrim.ini,10,0x1420d9160,0x1420d9168,setting_object_and_rtti_owner,
fMaxFocusShadowMapDistance,Display,Skyrim.ini,450,0x1420d9190,0x1420d9198,setting_object_and_rtti_owner,
fShadowDistance,Display,SkyrimPrefs.ini,8000,0x1420d9450,0x1420d9458,setting_object_and_rtti_owner,
fFirstSliceDistance,Display,Skyrim.ini,1250,0x1420d9468,0x1420d9470,setting_object_and_rtti_owner,
fSunUpdateThreshold,Display,Skyrim.ini,0.5,0x1420d9480,0x1420d9488,setting_object_and_rtti_owner,
fSunShadowUpdateTime,Display,Skyrim.ini,1,0x1420d9498,0x1420d94a0,setting_object_and_rtti_owner,
fSunStaticTimeUpdateScale,Display,Skyrim.ini,0.1,0x1420d94b0,0x1420d94b8,setting_object_and_rtti_owner,
bDirShadowMapFullViewPort,Display,Skyrim.ini,1,0x1420d94c8,0x1420d94d0,setting_object_and_rtti_owner,
fSplitOverlap,Display,Skyrim.ini,100,0x1420d94e0,0x1420d94e8,setting_object_and_rtti_owner,
bDisableShadowJumps,Display,Skyrim.ini,1,0x1420d94f8,0x1420d9500,setting_object_and_rtti_owner,
fShadowDirectionalBiasScale,Display,Skyrim.ini,0.30000001,0x1420d9510,0x1420d9518,native_read,0x1415688f4
bSimpleLighting,Display,Skyrim.ini,0,0x1420d9660,0x1420d9668,setting_object_and_rtti_owner,
