run_id,order,pair_id,scenario,mode,valid,comparison_eligible,exclusion_reason,readiness.process_launch_to_cpu_settled_ms,readiness.models_50_percent_ms,readiness.models_95_percent_ms,readiness.cpu_settled_ms,startup.frame_ms_max,moving.frame_ms_p50,moving.frame_ms_p95,moving.frame_ms_p99,moving.frame_ms_max,moving.hitch_excess_ms_per_second,moving_prorated.hitch_excess_ms_per_second,moving.hitches_gt_33.33_ms_per_minute,moving.hitches_gt_50_ms_per_minute,moving.hitches_gt_100_ms_per_minute,moving.coverage.missing_committed_cell_seconds,moving.pending.pending_model_placements.count_seconds,tail.coverage.terminal_missing_committed_cells,rss.sampled_peak_bytes
01-normal-01-adaptive128,1,normal-01,normal,adaptive128,True,True,,8229.412937500001,1061.352667,1944.0759589999998,7166.978792,114.213792,16.748833,24.902649999999998,27.485279079999998,45.469542000000004,0.720947954450903,0.7212046666666525,6.664293672077391,0.0,0.0,5.971542870000001,524.4291387399999,0,2890383360
02-normal-01-fixed64,2,normal-01,normal,fixed64,True,True,,5383.84073045313,1081.924125,1878.319042,4763.257834,108.019958,16.749416999999998,25.279942,28.289515,37.336875,0.29065854477618813,0.29065275555555675,9.333519234636071,0.0,0.0,1.341381668,81.875596909,0,2725494784
03-stress-01-fixed64,3,stress-01,stress,fixed64,True,True,,5289.4988203124985,1073.03325,1746.731958,4646.524083,102.916167,14.9665,25.014808799999994,36.37764287999997,548.289209,36.236077297846144,36.26164170000003,68.95135510512155,11.99154001828201,5.995770009141005,6.185378964,444.1912324310001,0,2919858176
04-stress-01-adaptive128,4,stress-01,stress,adaptive128,True,True,,7780.999702156251,1066.5662089999998,1884.919709,6748.076625,118.15270799999999,11.9591875,22.4755269,33.27815875000002,48.507625,3.4642669330853124,3.465758299999972,47.97934489202405,0.0,0.0,57.96272467000001,5190.527842805006,0,3043590144
05-normal-02-fixed64,5,normal-02,normal,fixed64,True,True,,5314.084486343758,1143.0572080000002,2080.244375,4625.092667,103.425709,16.764625,25.274820499999997,28.383675060000026,42.159,0.45420015797360774,0.454300000000004,6.6652015257701605,0.0,0.0,1.2884874969999995,83.75474775400002,0,2730426368
06-normal-02-adaptive128,6,normal-02,normal,adaptive128,True,True,,8242.184422859376,766.950917,1798.392792,7217.845417,97.48233300000001,16.733792,25.19318725,27.581844,35.955,0.113902017255853,0.1139268666666668,2.666085020761339,0.0,0.0,6.480389959000003,514.4584509919999,0,2924806144
07-stress-02-adaptive128,7,stress-02,stress,adaptive128,True,True,,7826.63367578125,741.480166,1736.083125,6795.729958,101.27541599999999,10.42625,22.0073274,31.9886375,44.475375,3.304628937370141,3.304799999999983,38.99798128704778,0.0,0.0,75.12128454799998,4357.946061093994,0,3106553856
08-stress-02-fixed64,8,stress-02,stress,fixed64,True,True,,5334.982887687501,1010.1016670000001,1896.1944589999998,4722.0891249999995,107.42825,15.161833,25.673854799999997,40.420054320000034,147.6335,16.48076084810969,16.494058350000014,65.94679083181728,11.99032560578496,2.99758140144624,4.941306166000001,392.54784132299994,0,3001810944
09-normal-03-adaptive128,9,normal-03,normal,adaptive128,True,True,,8193.396478515617,1114.373583,1911.7039160000004,7122.810124999999,109.75150000000001,16.829917,27.572587499999987,45.70269317999999,148.545708,19.907210292943407,19.92994613788167,89.30209033619361,23.99160635897739,2.6657340398863765,6.327555293999999,690.927834793,0,2912878592
10-normal-03-fixed64,10,normal-03,normal,fixed64,True,True,,5584.835586906254,1062.0385840000001,2025.237125,4926.577042,108.614167,16.7657495,25.4314228,28.155731249999995,45.837084,0.7941806729829458,0.7944685333333351,9.329951580009077,0.0,0.0,1.62610983,76.16655581799998,0,2718547968
11-stress-03-fixed64,11,stress-03,stress,fixed64,True,True,,5280.437453140623,1093.0111670000001,1981.8970000000004,4699.482249999999,106.182833,15.097646,24.60498299999999,35.714046560000035,56.911583,7.424891338680819,7.428687499999955,62.967806134918355,5.996933917611272,0.0,4.98338292,394.86639012600006,0,2954985472
12-stress-03-adaptive128,12,stress-03,stress,adaptive128,True,True,,8039.769407234369,906.714125,1989.8772499999998,7030.338416999999,143.340834,11.175208000000001,21.796775,33.11452475999996,56.145959000000005,7.00741786141335,7.009697900000052,47.98438708005387,5.998048385006734,0.0,64.58894765999997,4261.878096438997,0,
13-normal-04-fixed64,13,normal-04,normal,fixed64,True,True,,5432.148387687502,1049.449708,1803.80575,4783.781875,103.164958,16.781750000000002,25.137016400000004,30.541044999999997,115.183875,5.16896152766825,5.169560155555502,15.998147222218392,5.332715740739464,1.333178935184866,1.2871525839999998,81.3556267,0,2712027136
14-normal-04-adaptive128,14,normal-04,normal,adaptive128,True,True,,8622.692171890632,931.7080409999999,2218.497666,7590.383708,155.13666700000002,16.826458,27.1378623,43.54599267999998,208.182167,25.250534985356605,25.260038888888594,73.3057422069393,18.659643470857276,5.3313267059592215,11.858477708000002,636.9235487469998,0,2872934400
15-stress-04-adaptive128,15,stress-04,stress,adaptive128,True,True,,7172.294970703123,1249.700167,1437.9902500000003,6198.786334,109.996375,12.062167,22.313608200000004,31.21584528,42.896249999999995,2.8445609550081823,2.8472124000000405,29.97206272712406,0.0,0.0,48.265401553000004,5463.890336760998,0,3049750528
16-stress-04-fixed64,16,stress-04,stress,fixed64,True,True,,5317.941348640622,1073.600958,2055.2885829999996,4702.627292,122.23266600000001,14.906916500000001,25.63320825,37.33291045000003,51.390583,7.949856969951329,7.95582930000005,59.95495883717359,5.995495883717359,0.0,5.054773077999997,399.62335537100006,0,2910699520
17-normal-05-adaptive128,17,normal-05,normal,adaptive128,True,True,,8464.742510750013,832.3067079999998,2071.7135829999997,7468.7684580000005,118.889416,16.734042,24.947285400000002,27.730608039999996,49.883917,0.7818506597929137,0.7821370444444361,6.664225622576291,0.0,0.0,4.768348500000001,619.5411518099997,0,2874195968
18-normal-05-fixed64,18,normal-05,normal,fixed64,True,True,,5311.057509781254,1097.4639590000002,1796.315417,4699.898625,107.782291,16.7758755,25.23926025,28.069205949999994,46.039667,0.6265680923258277,0.6267666888888699,6.664554274431171,0.0,0.0,1.358719704,79.306842139,0,2760851456
19-stress-05-fixed64,19,stress-05,stress,fixed64,True,True,,5251.4018173906215,1099.329083,1922.47075,4640.288167,101.877584,14.836791999999999,24.0651586,35.15323315999999,57.005832999999996,6.7974706808152705,6.802077100000003,59.95936753626568,5.995936753626568,0.0,4.853661628000003,395.94251399799975,0,3003695104
20-stress-05-adaptive128,20,stress-05,stress,adaptive128,True,True,,7519.3452783125,1378.792708,1600.8602499999997,6542.50525,108.578459,11.520333,23.132216299999996,33.60546943999999,57.473957999999996,5.39654173284411,5.3989062500000164,50.97766392499398,2.9986861132349403,0.0,61.763070916999986,6372.541199280012,0,3079405568
21-ablation-01-fixed64,21,ablation-01,ablation,fixed64,True,False,Unrelated Cargo build overlapped movement in run23; exclude the entire original ablation block and repeat it in its planned order.,5344.240236343756,1042.41475,2054.567083,4729.130958000001,107.124458,16.752625000000002,25.418592,27.965570000000007,38.283041,0.2925272980338362,0.292533288888895,7.999836166199731,0.0,0.0,1.2725707890000002,82.91490986500001,0,2714927104
22-ablation-01-controlled64,22,ablation-01,ablation,controlled64,True,False,Unrelated Cargo build overlapped movement in run23; exclude the entire original ablation block and repeat it in its planned order.,6160.69040331249,1050.041708,1988.9862500000004,5161.2055,128.944167,16.752333,25.078390999999986,27.952643440000003,44.509958000000005,0.6858771309510717,0.686010155555553,10.664598287499086,0.0,0.0,1.4997789589999997,84.80964924899999,0,
23-ablation-01-adaptive64,23,ablation-01,ablation,adaptive64,True,False,Unrelated Cargo build overlapped movement in run23; exclude the entire original ablation block and repeat it in its planned order.,8898.516993171881,1244.8215410000003,2411.642458,7883.633291000001,139.43745900000002,16.7731255,25.711996349999996,28.758464479999947,55.740708,1.472455714019451,1.4729638666666607,13.32873351334937,1.332873351334937,0.0,4.272209294,448.5211133040004,0,2906734592
30-ablation-01-repeat-01-fixed64,24,ablation-01-repeat-01,ablation,fixed64,True,True,,5311.646037109375,1069.226416,1924.2491660000003,4642.087458000001,102.58420799999999,16.725749500000003,25.6948248,28.715997959999996,40.196584,0.4921075981456605,0.49209631111111085,8.0001834930975,0.0,0.0,1.354672417,76.98700561300002,0,2722693120
31-ablation-01-repeat-01-controlled64,25,ablation-01-repeat-01,ablation,controlled64,True,True,,6351.114401359378,1103.636333,2704.001667,5173.471292,148.857875,10.962083,18.0037705,27.3828669,49.52825,2.3214665471076112,2.322031488888877,19.995134073039218,0.0,0.0,1.5787420810000004,82.42325847600004,0,2931605504
32-ablation-01-repeat-01-adaptive64,26,ablation-01-repeat-01,ablation,adaptive64,True,True,,9088.98292771876,1313.3133329999998,2327.021833,8037.537208000001,134.194333,16.722063,24.98340689999999,28.080239019999986,37.042583,0.3334903496119694,0.33354164444445056,7.998769692880519,0.0,0.0,7.601329875999998,553.4513285529997,0,2882863104
24-ablation-02-controlled64,27,ablation-02,ablation,controlled64,True,True,,6517.823609374994,1050.2420840000002,1999.017792,5454.107917000001,132.16166600000003,16.755208,25.55007479999999,29.30135063999999,47.059666,1.2642632971003636,1.264731466666667,13.328397692014546,0.0,0.0,1.577018083,86.11376127100002,0,2925510656
25-ablation-02-adaptive64,28,ablation-02,ablation,adaptive64,True,True,,8806.952316390623,1019.7244170000001,2127.2588749999995,7759.414416999999,119.523833,16.747666000000002,25.086146,27.835733899999997,43.910083,0.3317702302313153,0.3318648222222184,6.664766455404469,0.0,0.0,2.981467244999999,453.59133530900004,0,2854141952
26-ablation-02-fixed64,29,ablation-02,ablation,fixed64,True,True,,5205.921798812504,1027.178166,1848.958041,4616.983375,110.183958,16.769708,25.603641400000004,28.213640000000005,43.108417,0.46406568578176355,0.4642203777777939,9.330223189893028,0.0,0.0,1.293582834,83.673678973,0,2775777280
27-ablation-03-adaptive64,30,ablation-03,ablation,adaptive64,True,True,,9198.187215812508,1256.326709,2382.2195,8180.733874999998,115.651125,16.7334375,25.210144049999993,27.72353756,43.922208999999995,0.3511838397288126,0.35118335555555474,4.000005514763151,0.0,0.0,7.299288202999997,545.3210918359999,0,2896756736
28-ablation-03-fixed64,31,ablation-03,ablation,fixed64,True,True,,5213.364254890624,1052.642667,1883.6121669999998,4576.720792,102.78770800000001,16.7377295,25.465533649999994,28.251106959999998,39.377625,0.3253117545133518,0.32532317777778996,5.333146060857526,0.0,0.0,1.3231358329999998,81.40847451400003,0,2696757248
29-ablation-03-controlled64,32,ablation-03,ablation,controlled64,True,True,,6306.055473640619,1088.2827089999998,2649.495125,5270.756084000001,157.77125,16.751875,25.231108999999996,27.973153620000005,45.803208,0.8555797608786588,0.8555379333333327,14.667383725070355,0.0,0.0,1.670810248,82.287250362,0,2933932032
